{
    "type":"esc",
    "data":[
        {
            "page":{
                "width":"80",
                "scale":"8"
            }
        },
        {
            "text":{
                "content":"微信相册销售单",
                "alignment":"center",
                "font":"bold"
            }
        },
        {
            "text":{
                "content":"微信相册销售单",
                "alignment":"left",
                "font":"min"
            }
        },
        {
            "text":{
                "content":"客户：预览客户",
                "alignment":"left",
                "font":"normal"
            }
        },
        {
            "text":{
                "content":"订单号：12345678978555",
                "alignment":"left",
                "font":"normal"
            }
        },
        {
            "text":{
                "content":"业务日期：2019-06-08 01：30：45",
                "alignment":"left",
                "font":"normal"
            }
        },
        {
            "text":{
                "content":"------------------------------",
                "alignment":"center",
                "font":"normal"
            }
        },
        
        {
            "table":{
                "titles":[
                    "商品",
                    "数量",
                    "原价",
                    "折扣",
                    "折后价",
                    "金额"
                ],
                "list":[
                    {
                        "title":"12345/男士休闲裤",
                        "row":[[
                            "亮黑色",
                            "10000000000000000000000000",
                            "100000000",
                            "100000000",
                            "100000000",
                            "100000000"
                        ],[
                            "亮黑色",
                            "100000000",
                            "100000000",
                            "100000000",
                            "100000000",
                            "100000000"
                        ]],
                        
                    },
                    {
                        "title":"12345/男士休闲裤",
                        "row":[[
                            "亮黑色",
                            "10000000000000000000000000",
                            "100000000",
                            "100000000",
                            "100000000",
                            "100000000"
                        ],[
                            "亮黑色",
                            "100000000",
                            "100000000",
                            "100000000",
                            "100000000",
                            "10000000000"
                        ]],
                        
                    }
                ]
            }
        },
        {
            "text":{
                "content":"微信相册销售单",
                "alignment":"left",
                "font":"normal"
            }
        },
        {
            "text":{
                "content":"------------------------------",
                "alignment":"center",
                "font":"normal"
            }
        },
        {
            "text":{
                "content":"客户：预览客户",
                "alignment":"left",
                "font":"normal"
            }
        },
        {
            "text":{
                "content":"订单号：12345678978555",
                "alignment":"left",
                "font":"normal"
            }
        },
        {
            "text":{
                "content":"业务日期：2019-06-08 01：30：45",
                "alignment":"left",
                "font":"normal"
            }
        },
        {
            "text":{
                "content":"---------------------",
                "alignment":"center",
                "font":"normal"
            }
        },
        {
            "barCode":{
                "data":"18374911770",
                "alignment":"left",
                "width":"3",
                "height":"120",
                "barType":"0",
                "numberAround":"2"
            }
        },
        {
            "qr":{
                "data":"https://www.wegoab.com/ab?shop_id=A201901202018024700000145",
                "alignment":"left",
                "size":"10",
                "leftMargin":"left"
            }
        },
    ]
}
