{
    "type" : "tspl",
    "data" : [{
        "area" : "深圳市内包",
        "receviePhone" : "133456789",
        "recevieName" : "陈亮亮",
        "recevieAddres" : "新疆乌鲁木齐新市区大战共本机南路433号星际服务器几天",
        "sendPhone": "123456789",
        "sendName" : "陈亮亮",
        "sendAddres" : "广东省深圳市南山区中心工业城10栋",
        "barCodeNum" : "18374911770",
        "qrCodeNum": "18374911770",
        "remark" : "快件送达收件人地址快件送达收件人地址快件送达收件人地址快件送达收件人地址快件送达收件人地址快件送达收件人地址快件送达收件人地址快件送达收件人地址快件送达收件人地址快件送达收件人地址快件送达收件人地址",
        "shopRemark":"品名：衣服   数量：5件  备注：需要包装盒"
    }],
    "modleUrl":""
}

