<page x='0' y='0' width='100' height='180' direction='1'>
    <layout id="签收联 box line">
        <line x='0' y='136' width='800' height='1'></line>
        <line x='664' y='0' width='1' height='136'></line>
        
        <line x='624' y='136' width='1' height='120'></line>
        <line x='0' y='256' width='800' height='1'></line>
        
        <line x='0' y='336' width='800' height='1'></line>
        <line x='0' y='456' width='800' height='1'></line>
        <line x='0' y='552' width='800' height='1'></line>
        <line x='0' y='736' width='800' height='1'></line>
        
        <line x='144' y='736' width='1' height='136'></line>
        <line x='624' y='736' width='1' height='136'></line>
    </layout>
    
    <layout id="存根 box line" >
        <line x='0' y='984' width='800' height='1'></line>
        <line x='0' y='1064' width='624' height='1'></line>
        <line x='0' y='1144' width='800' height='1'></line>
        <line x='624' y='984' width='1' height='160'></line>
    </layout>
    
    <text x='16' y='272' font='TSS24.BF2' xScale='2' yScale='2' value="集" cpclFont="6"></text>
    <text id="area" x='80' y='272' xScale='2' yScale='2' font='TSS24.BF2' cpclFont="6"></text>
    
    <text x='16' y='368' value="收" xScale='2' yScale='2' font="TSS24.BF2" cpclFont="6"></text>
    <text id="recevieName" otherId="receviePhone" x='80' y='344' xScale='2' yScale='2' font="TSS16.BF2" cpclFont="3"></text>
    <text id="recevieAddres" x='80' y='384' width='720' font='TSS16.BF2' xScale='2' yScale='2' cpclFont="3"> </text>
    
    <text x='16' y='488' value="寄" font="TSS24.BF2" xScale='2' yScale='2' cpclFont="6"></text>
    <text id="sendName" otherId="sendPhone" x='80' y='460' font="TSS24.BF2" xScale='1' yScale='1' cpclFont="2"></text>
    <text id='sendAddres' x='80' y='496' width='720' font="TSS24.BF2" xScale='1' yScale='1' cpclFont="2"></text>
    
    <barCode id="barCodeNum" x='80' y='576' height='120' width='4' ratio='5'></barCode>
    <text id="remark" x='152' y='752' width='464' font='TSS16.BF2' xScale='1' yScale='1' cpclFont="1"></text>
    <qr id='qrCodeNum' x='632' y='744' size='6'></qr>
    
    <barCode id='barCodeNum' x='328' y='896' height='56' width='3' ratio='2'></barCode>
    <text x='16' y='1000' value="收" xScale='2' yScale='2' font="TSS24.BF2" cpclFont="6"></text>
    <text id="recevieName" otherId="receviePhone" x='80' y='992' xScale='1' yScale='1' font="TSS24.BF2" cpclFont="2"></text>
    <text id='recevieAddres' x='80' y='1016' font="TSS24.BF2" xScale='1' yScale='1' width='560' cpclFont="2"></text>
    
    <text x='16' y='1080' value="寄" font="TSS24.BF2" xScale='2' yScale='2' cpclFont="6"></text>
    <text id="sendName" otherId="sendPhone" x='80' y='1072' font="TSS24.BF2" xScale='1' yScale='1' cpclFont="2"></text>
    <text id='sendAddres' x='80' y='1112' width='560' font="TSS24.BF2" xScale='1' yScale='1' cpclFont="2"></text>
    
    <qr id='qrCodeNum' x='632' y='992' size='6'></qr>
    
</page>

