<page x='0' y='0' width='100' height='180' direction='1'>
    <layout id="box line">
        <line x="0" y="0" width="800" height="8"></line>
        <line x="0" y="0" width="8"  height="1432"></line>
        <line x="792" y="0" width="800"  height="1432"></line>
        <line x="0" y="1432" width="800"  height="8"></line>
    </layout>
    <layout id="签收联 line">
        <line x="0" y="72" width="800" height="2"></line>
        <line x="0" y="192" width="800" height="2"></line>
        <line x="584" y="192" height="104" width="2"></line>
        <line x="0" y="296" width="800" height="2"></line>
        <line x="48" y="296" width="2" height="240"></line>
        <line x="0" y="440" width="800" height="2"></line>
        <line x="0" y="536" width="800" height='2'></line>
        <line x="0" y="736" width="800" height="2"></line>
        <line x="304" y="736" width="2" height="144"></line>
        <line x="0" y="880" width="800" height="8"></line>
    </layout>
    <layout id="存根联 line">
        <line x="0" y="992" width='800' height="2"></line>
        <line x="0" y="1136" width="800" height="2"></line>
        <line x="0" y="1232" width="800" height="2"></line>
        <line x="48" y="992" width="2" height="440"></line>
    </layout>
    
    <text x="624" y="16" direction="h" value="标准快递" font='TSS24.BF2' cpclFont="2"></text>
    <text x="16" y="208" id="area" font="TSS24.BF2" cpclFont="6" xScale="2" yScale="2"></text>
    
    <text x="16" y="344" value="收件" direction="v" font='TSS24.BF2' cpclFont="2"></text>
    <text x="56" y="312" width="720" direction="h" font="TSS24.BF2" cpclFont="2" id="recevieName" otherId="receviePhone"></text>
    <text x="56" y="344" width="720" direction="h" font="TSS24.BF2" cpclFont='2' id="recevieAddres"></text>
    
    <text x='16' y='456' value="寄件" font="TSS24.BF2" xScale='1' yScale='1' cpclFont="2" direction="v"></text>
    <text id="sendName" otherId="sendPhone" x='56' y='456' font="TSS24.BF2" xScale='1' yScale='1' cpclFont="2"></text>
    <text id='sendAddres' x='56' y='492' width='704' font="TSS24.BF2" xScale='1' yScale='1' cpclFont="2"></text>
    
    <barCode id="barCodeNum" x='80' y='554' height='120' width='4' ratio='5'></barCode>
    <text id="remark" x='16' y='754' width='272' font='TSS16.BF2' xScale='1' yScale='1' cpclFont="1"></text>
    
    <text x="312" y="754" value="签收人：" font="TSS24.BF2" cpclFont="2"></text>
    <text x="312" y="824" value="时间：" font="TSS24.BF2" cpclFont="2"></text>
    
    <barCode id="barCodeNum" x='384' y='896' height='60' width='3' ratio='2'></barCode>
    
    <text x="16" y="1032" value="收件" direction="v" font='TSS24.BF2' cpclFont="2"></text>
    <text x="56" y="1000" width="720" direction="h" font="TSS24.BF2" cpclFont="2" id="recevieName" otherId="receviePhone"></text>
    <text x="56" y="1032" width="720" direction="h" font="TSS24.BF2" cpclFont='2' id="recevieAddres"></text>
    
    <text x='16' y='1176' value="寄件" font="TSS24.BF2" xScale='1' yScale='1' cpclFont="2" direction="v"></text>
    <text id="sendName" otherId="sendPhone" x='56' y='1152' font="TSS24.BF2" xScale='1' yScale='1' cpclFont="2"></text>
    <text id='sendAddres' x='56' y='1192' width='720' font="TSS24.BF2" xScale='1' yScale='1' cpclFont="2"></text>
    
    <text x="16" y="1272" value="备注" direction="v" font='TSS24.BF2' cpclFont="2"></text>
    <text x="56" y="1248" id="shopRemark" font="TSS24.BF2" cpclFont="2" width="720"></text>
    
</page>
